Fips,Location,TimeFrame,Data Type,Data,MOE
01,Alabama,1999,"Rate per 100,000",12.46094,1.0377845161599999
01,Alabama,2000,"Rate per 100,000",13.10666,1.06490054776
01,Alabama,2001,"Rate per 100,000",11.37451,0.98664854735999996
01,Alabama,2002,"Rate per 100,000",11.44968,0.99228661868000012
01,Alabama,2003,"Rate per 100,000",11.43737,0.98561271087999991
01,Alabama,2004,"Rate per 100,000",11.7306,0.99340729179999987
01,Alabama,2005,"Rate per 100,000",11.5156,0.98218047452000001
01,Alabama,2006,"Rate per 100,000",12.37315,1.01447271324
01,Alabama,2007,"Rate per 100,000",12.42038,1.01065185396
01,Alabama,2008,"Rate per 100,000",12.56352,1.0129807122400001
01,Alabama,2009,"Rate per 100,000",13.73125,1.0521279902
01,Alabama,2010,"Rate per 100,000",13.95295,1.0641873743199999
01,Alabama,2011,"Rate per 100,000",13.2116,1.02994397128
01,Alabama,2012,"Rate per 100,000",14.73803,1.09444807892
01,Alabama,2013,"Rate per 100,000",14.39556,1.07158542372
01,Alabama,2014,"Rate per 100,000",14.49077,1.08584110936
01,Alabama,2015,"Rate per 100,000",14.91778,1.0930132530800001
01,Alabama,2016,"Rate per 100,000",15.65607,1.11959411256
01,Alabama,2017,"Rate per 100,000",16.62841,1.15989092268
01,Alabama,2018,"Rate per 100,000",16.5,1.2
01,Alabama,2019,"Rate per 100,000",16.3,1.1759999999999999
01,Alabama,2020,"Rate per 100,000",16,1.1759999999999999
02,Alaska,1999,"Rate per 100,000",16.78928,3.76385914996
02,Alaska,2000,"Rate per 100,000",21.47041,3.7014717012
02,Alaska,2001,"Rate per 100,000",15.94117,3.1832007141199998
02,Alaska,2002,"Rate per 100,000",20.77449,3.7180522761199999
02,Alaska,2003,"Rate per 100,000",20.3242,3.8497771729200001
02,Alaska,2004,"Rate per 100,000",23.01977,3.7126960704400003
02,Alaska,2005,"Rate per 100,000",19.90134,3.5618575809599999
02,Alaska,2006,"Rate per 100,000",19.90734,3.5426575699199998
02,Alaska,2007,"Rate per 100,000",22.54573,3.8322216410800003
02,Alaska,2008,"Rate per 100,000",24.34794,3.83064717308
02,Alaska,2009,"Rate per 100,000",19.99591,3.3562544923600002
02,Alaska,2010,"Rate per 100,000",22.78411,3.61226886132
02,Alaska,2011,"Rate per 100,000",20.03433,3.4068788404000001
02,Alaska,2012,"Rate per 100,000",23.03344,3.6280974665599999
02,Alaska,2013,"Rate per 100,000",23.15517,3.5887890158400002
02,Alaska,2014,"Rate per 100,000",22.05575,3.4477652381200001
02,Alaska,2015,"Rate per 100,000",26.86516,3.8031629966400002
02,Alaska,2016,"Rate per 100,000",25.78895,3.7228967924399998
02,Alaska,2017,"Rate per 100,000",27.01354,3.8519085768799997
02,Alaska,2018,"Rate per 100,000",24.6,3.6
02,Alaska,2019,"Rate per 100,000",28.5,3.92
02,Alaska,2020,"Rate per 100,000",27.5,3.92
04,Arizona,1999,"Rate per 100,000",15.53341,1.1040217910399999
04,Arizona,2000,"Rate per 100,000",15.60349,1.0948878872400001
04,Arizona,2001,"Rate per 100,000",14.79089,1.0487905472799999
04,Arizona,2002,"Rate per 100,000",16.62643,1.0974958475600001
04,Arizona,2003,"Rate per 100,000",15.53699,1.0547429830000001
04,Arizona,2004,"Rate per 100,000",15.8082,1.04840813364
04,Arizona,2005,"Rate per 100,000",16.36184,1.0487447675599999
04,Arizona,2006,"Rate per 100,000",16.33321,1.0295643212400001
04,Arizona,2007,"Rate per 100,000",16.53863,1.0237832248000001
04,Arizona,2008,"Rate per 100,000",15.48787,0.98140863435999992
04,Arizona,2009,"Rate per 100,000",16.70402,1.01657116176
04,Arizona,2010,"Rate per 100,000",17.0127,1.01908539684
04,Arizona,2011,"Rate per 100,000",17.84231,1.04124143872
04,Arizona,2012,"Rate per 100,000",17.30214,1.0126080711600001
04,Arizona,2013,"Rate per 100,000",17.51208,1.02377898336
04,Arizona,2014,"Rate per 100,000",18.01406,1.0207119126399999
04,Arizona,2015,"Rate per 100,000",18.21091,1.0202745406
04,Arizona,2016,"Rate per 100,000",17.65804,0.99330221423999987
04,Arizona,2017,"Rate per 100,000",18.15768,1.0002517391999999
04,Arizona,2018,"Rate per 100,000",19.2,1
04,Arizona,2019,"Rate per 100,000",18.7,0.98
04,Arizona,2020,"Rate per 100,000",17.6,0.98
05,Arkansas,1999,"Rate per 100,000",12.61401,1.3520964685200001
05,Arkansas,2000,"Rate per 100,000",12.99433,1.3667508926399998
05,Arkansas,2001,"Rate per 100,000",14.24935,1.4331847006399998
05,Arkansas,2002,"Rate per 100,000",13.96347,1.4152012949199999
05,Arkansas,2003,"Rate per 100,000",13.61174,1.3864031285999998
05,Arkansas,2004,"Rate per 100,000",12.99266,1.34848971572
05,Arkansas,2005,"Rate per 100,000",14.34191,1.4161983567200001
05,Arkansas,2006,"Rate per 100,000",13.28522,1.3550538164800001
05,Arkansas,2007,"Rate per 100,000",14.21846,1.40443298828
05,Arkansas,2008,"Rate per 100,000",15.4958,1.4523705977199999
05,Arkansas,2009,"Rate per 100,000",14.45147,1.3963551755999999
05,Arkansas,2010,"Rate per 100,000",15.47341,1.4568498249199999
05,Arkansas,2011,"Rate per 100,000",15.9933,1.4844689414800001
05,Arkansas,2012,"Rate per 100,000",16.28669,1.4772137212000001
05,Arkansas,2013,"Rate per 100,000",17.33675,1.5227205895999998
05,Arkansas,2014,"Rate per 100,000",17.26955,1.5243523973999999
05,Arkansas,2015,"Rate per 100,000",19.10149,1.59411005768
05,Arkansas,2016,"Rate per 100,000",18.19494,1.55177389304
05,Arkansas,2017,"Rate per 100,000",20.80005,1.66034869868
05,Arkansas,2018,"Rate per 100,000",18.3,1.6
05,Arkansas,2019,"Rate per 100,000",18,1.5680000000000001
05,Arkansas,2020,"Rate per 100,000",19,1.5680000000000001
06,California,1999,"Rate per 100,000",9.59199,0.34105832404000003
06,California,2000,"Rate per 100,000",9.14173,0.33061459143999999
06,California,2001,"Rate per 100,000",8.52905,0.31572084348000001
06,California,2002,"Rate per 100,000",9.58508,0.33205495428000004
06,California,2003,"Rate per 100,000",9.89331,0.33400666935999995
06,California,2004,"Rate per 100,000",9.67126,0.32797627071999996
06,California,2005,"Rate per 100,000",9.08826,0.31595028695999999
06,California,2006,"Rate per 100,000",9.33349,0.31834883304
06,California,2007,"Rate per 100,000",9.93404,0.32619029911999997
06,California,2008,"Rate per 100,000",10.28876,0.330372112
06,California,2009,"Rate per 100,000",10.22329,0.32644616339999999
06,California,2010,"Rate per 100,000",10.328,0.32653028268000001
06,California,2011,"Rate per 100,000",10.41185,0.32597225500000004
06,California,2012,"Rate per 100,000",10.02875,0.31840997524000003
06,California,2013,"Rate per 100,000",10.20376,0.31877638939999997
06,California,2014,"Rate per 100,000",10.53142,0.32186338351999999
06,California,2015,"Rate per 100,000",10.27085,0.31593434628
06,California,2016,"Rate per 100,000",10.5371,0.31972983335999999
06,California,2017,"Rate per 100,000",10.45606,0.31676508444000001
06,California,2018,"Rate per 100,000",10.9,0.3
06,California,2019,"Rate per 100,000",10.7,0.39200000000000002
06,California,2020,"Rate per 100,000",10,0.39200000000000002
08,Colorado,1999,"Rate per 100,000",13.7237,1.1340872031999998
08,Colorado,2000,"Rate per 100,000",14.31638,1.1442890188799999
08,Colorado,2001,"Rate per 100,000",16.52048,1.2176169073599998
08,Colorado,2002,"Rate per 100,000",16.18378,1.18627177984
08,Colorado,2003,"Rate per 100,000",16.1065,1.1797386196399999
08,Colorado,2004,"Rate per 100,000",17.22386,1.2049472889999999
08,Colorado,2005,"Rate per 100,000",17.23815,1.2050015261199998
08,Colorado,2006,"Rate per 100,000",15.29838,1.1186289438799999
08,Colorado,2007,"Rate per 100,000",16.62478,1.15532838176
08,Colorado,2008,"Rate per 100,000",16.12779,1.12728895692
08,Colorado,2009,"Rate per 100,000",18.72961,1.2104114769599998
08,Colorado,2010,"Rate per 100,000",16.7672,1.1307045509199998
08,Colorado,2011,"Rate per 100,000",17.49099,1.15042143356
08,Colorado,2012,"Rate per 100,000",19.68013,1.2052264635600001
08,Colorado,2013,"Rate per 100,000",18.55764,1.1624934812399998
08,Colorado,2014,"Rate per 100,000",19.86131,1.20094724456
08,Colorado,2015,"Rate per 100,000",19.49084,1.1733652268799999
08,Colorado,2016,"Rate per 100,000",20.48333,1.1939450916400001
08,Colorado,2017,"Rate per 100,000",20.33865,1.1794191925599999
08,Colorado,2018,"Rate per 100,000",21.9,1.2
08,Colorado,2019,"Rate per 100,000",22.1,1.1759999999999999
08,Colorado,2020,"Rate per 100,000",21.5,1.1759999999999999
09,Connecticut,1999,"Rate per 100,000",7.9358,0.94271830296000003
09,Connecticut,2000,"Rate per 100,000",8.74844,0.9863367956400001
09,Connecticut,2001,"Rate per 100,000",8.11466,0.94885429464000004
09,Connecticut,2002,"Rate per 100,000",7.32754,0.89585113967999996
09,Connecticut,2003,"Rate per 100,000",7.53471,0.89996043256000002
09,Connecticut,2004,"Rate per 100,000",8.15177,0.93772762552
09,Connecticut,2005,"Rate per 100,000",8.10759,0.93208659067999999
09,Connecticut,2006,"Rate per 100,000",7.97654,0.92491774368000002
09,Connecticut,2007,"Rate per 100,000",7.32879,0.88270323035999998
09,Connecticut,2008,"Rate per 100,000",8.46998,0.94854202351999994
09,Connecticut,2009,"Rate per 100,000",8.49201,0.95056528839999999
09,Connecticut,2010,"Rate per 100,000",9.35231,0.99412923428
09,Connecticut,2011,"Rate per 100,000",9.81486,1.0220514491599999
09,Connecticut,2012,"Rate per 100,000",9.85521,1.0295830392399998
09,Connecticut,2013,"Rate per 100,000",8.73729,0.96971757343999998
09,Connecticut,2014,"Rate per 100,000",9.7841,1.0112030275199999
09,Connecticut,2015,"Rate per 100,000",9.85356,1.0163275024
09,Connecticut,2016,"Rate per 100,000",10.11103,1.02892024368
09,Connecticut,2017,"Rate per 100,000",10.51226,1.06151546704
09,Connecticut,2018,"Rate per 100,000",10.6,1.1000000000000001
09,Connecticut,2019,"Rate per 100,000",11.4,1.1759999999999999
09,Connecticut,2020,"Rate per 100,000",9.3,0.98
10,Delaware,1999,"Rate per 100,000",11.04085,2.3358269600400003
10,Delaware,2000,"Rate per 100,000",10.40855,2.2543350796400001
10,Delaware,2001,"Rate per 100,000",13.46163,2.5405085703200001
10,Delaware,2002,"Rate per 100,000",9.10733,2.07755168012
10,Delaware,2003,"Rate per 100,000",11.34713,2.2981473320400001
10,Delaware,2004,"Rate per 100,000",11.02473,2.2489442897599998
10,Delaware,2005,"Rate per 100,000",9.66282,2.0889009699600001
10,Delaware,2006,"Rate per 100,000",10.30779,2.1333106323199997
10,Delaware,2007,"Rate per 100,000",10.60242,2.1491894664799998
10,Delaware,2008,"Rate per 100,000",11.91707,2.2589752933999998
10,Delaware,2009,"Rate per 100,000",11.70816,2.2498568050000003
10,Delaware,2010,"Rate per 100,000",11.34321,2.19551424484
10,Delaware,2011,"Rate per 100,000",10.9991,2.1447567735999997
10,Delaware,2012,"Rate per 100,000",13.19916,2.35258535008
10,Delaware,2013,"Rate per 100,000",12.48766,2.2685614240800001
10,Delaware,2014,"Rate per 100,000",13.16153,2.3644616016
10,Delaware,2015,"Rate per 100,000",12.58929,2.30046940088
10,Delaware,2016,"Rate per 100,000",11.47729,2.13408901692
10,Delaware,2017,"Rate per 100,000",11.62875,2.2241163445200001
10,Delaware,2018,"Rate per 100,000",11.4,2.2000000000000002
10,Delaware,2019,"Rate per 100,000",11.3,2.1560000000000001
10,Delaware,2020,"Rate per 100,000",12.3,2.3519999999999999
11,Dist. of Columbia,1999,"Rate per 100,000",5.1342,1.8507458564000001
11,Dist. of Columbia,2000,"Rate per 100,000",3.82545,1.57278327808
11,Dist. of Columbia,2001,"Rate per 100,000",6.52814,2.03862551956
11,Dist. of Columbia,2002,"Rate per 100,000",5.15155,1.82891877504
11,Dist. of Columbia,2003,"Rate per 100,000",6.14329,2.0339543789599999
11,Dist. of Columbia,2004,"Rate per 100,000",5.52644,1.90701922236
11,Dist. of Columbia,2005,"Rate per 100,000",5.39925,1.8638663845199999
11,Dist. of Columbia,2006,"Rate per 100,000",5.20347,1.884062691
11,Dist. of Columbia,2007,"Rate per 100,000",5.98985,1.9849617662000001
11,Dist. of Columbia,2008,"Rate per 100,000",7.31213,2.2313387112800003
11,Dist. of Columbia,2009,"Rate per 100,000",4.44461,1.6580079784799999
11,Dist. of Columbia,2010,"Rate per 100,000",6.89344,2.1507758316799999
11,Dist. of Columbia,2011,"Rate per 100,000",5.54543,1.8332253184
11,Dist. of Columbia,2012,"Rate per 100,000",5.66421,1.8859082956
11,Dist. of Columbia,2013,"Rate per 100,000",5.7434,1.85841743752
11,Dist. of Columbia,2014,"Rate per 100,000",7.80356,2.1661504793600002
11,Dist. of Columbia,2015,"Rate per 100,000",4.8593,1.6617139778399999
11,Dist. of Columbia,2016,"Rate per 100,000",5.20164,1.66683700428
11,Dist. of Columbia,2017,"Rate per 100,000",6.62115,1.95587903532
11,Dist. of Columbia,2018,"Rate per 100,000",7.5,2.1
11,Dist. of Columbia,2019,"Rate per 100,000",6.2,1.96
11,Dist. of Columbia,2020,"Rate per 100,000",5.5,1.764
12,Florida,1999,"Rate per 100,000",12.21252,0.53867229780000003
12,Florida,2000,"Rate per 100,000",12.40972,0.53914784280000005
12,Florida,2001,"Rate per 100,000",13.45577,0.55433595335999997
12,Florida,2002,"Rate per 100,000",13.33759,0.54680348323999994
12,Florida,2003,"Rate per 100,000",12.84309,0.53169282403999996
12,Florida,2004,"Rate per 100,000",13.03991,0.52950858436000003
12,Florida,2005,"Rate per 100,000",12.48868,0.51204827911999995
12,Florida,2006,"Rate per 100,000",12.59482,0.50683845212
12,Florida,2007,"Rate per 100,000",13.21775,0.51730421315999997
12,Florida,2008,"Rate per 100,000",13.86174,0.52852881955999997
12,Florida,2009,"Rate per 100,000",14.38779,0.53898615063999999
12,Florida,2010,"Rate per 100,000",13.6723,0.51961969248000006
12,Florida,2011,"Rate per 100,000",13.93689,0.52235967251999993
12,Florida,2012,"Rate per 100,000",14.3479,0.52887002616000001
12,Florida,2013,"Rate per 100,000",13.78185,0.51565057096
12,Florida,2014,"Rate per 100,000",13.8804,0.51118399751999999
12,Florida,2015,"Rate per 100,000",14.41607,0.51800359996000001
12,Florida,2016,"Rate per 100,000",13.96446,0.50857771495999993
12,Florida,2017,"Rate per 100,000",13.96472,0.5018693542799999
12,Florida,2018,"Rate per 100,000",15.2,0.5
12,Florida,2019,"Rate per 100,000",14.5,0.58799999999999997
12,Florida,2020,"Rate per 100,000",13.2,0.39200000000000002
13,Georgia,1999,"Rate per 100,000",11.14726,0.74816756811999996
13,Georgia,2000,"Rate per 100,000",10.65678,0.72540110776
13,Georgia,2001,"Rate per 100,000",11.40827,0.73816222871999992
13,Georgia,2002,"Rate per 100,000",11.04899,0.72588720147999997
13,Georgia,2003,"Rate per 100,000",11.62124,0.73777979547999994
13,Georgia,2004,"Rate per 100,000",11.32141,0.7180550081599999
13,Georgia,2005,"Rate per 100,000",10.57149,0.68852279047999998
13,Georgia,2006,"Rate per 100,000",10.27823,0.66925468707999991
13,Georgia,2007,"Rate per 100,000",10.88436,0.68195979711999999
13,Georgia,2008,"Rate per 100,000",10.39644,0.65706169759999999
13,Georgia,2009,"Rate per 100,000",11.85597,0.69736393691999998
13,Georgia,2010,"Rate per 100,000",11.66853,0.68640231939999996
13,Georgia,2011,"Rate per 100,000",11.70308,0.68196115540000002
13,Georgia,2012,"Rate per 100,000",11.66584,0.67659541039999993
13,Georgia,2013,"Rate per 100,000",11.96752,0.68107696216000002
13,Georgia,2014,"Rate per 100,000",12.64103,0.69695107664
13,Georgia,2015,"Rate per 100,000",12.69697,0.69446735679999994
13,Georgia,2016,"Rate per 100,000",13.32907,0.70539321608000005
13,Georgia,2017,"Rate per 100,000",13.59448,0.70986323324
13,Georgia,2018,"Rate per 100,000",14.6,0.7
13,Georgia,2019,"Rate per 100,000",14.6,0.78400000000000003
13,Georgia,2020,"Rate per 100,000",13.7,0.78400000000000003
15,Hawaii,1999,"Rate per 100,000",11.09021,1.8654397431599998
15,Hawaii,2000,"Rate per 100,000",11.19435,1.87594022364
15,Hawaii,2001,"Rate per 100,000",10.89272,1.8330457726
15,Hawaii,2002,"Rate per 100,000",9.46392,1.6968080738
15,Hawaii,2003,"Rate per 100,000",10.17615,1.7487653609999998
15,Hawaii,2004,"Rate per 100,000",8.85629,1.62036384216
15,Hawaii,2005,"Rate per 100,000",8.16096,1.55790472992
15,Hawaii,2006,"Rate per 100,000",8.97914,1.6184142575999998
15,Hawaii,2007,"Rate per 100,000",9.51981,1.6348848118399999
15,Hawaii,2008,"Rate per 100,000",9.73349,1.6744702281999999
15,Hawaii,2009,"Rate per 100,000",12.52894,1.8850071797199999
15,Hawaii,2010,"Rate per 100,000",15.01941,2.0794248972
15,Hawaii,2011,"Rate per 100,000",12.79918,1.9001951922799998
15,Hawaii,2012,"Rate per 100,000",13.0777,1.90027944484
15,Hawaii,2013,"Rate per 100,000",11.82889,1.8105812188799999
15,Hawaii,2014,"Rate per 100,000",13.78595,1.93499201504
15,Hawaii,2015,"Rate per 100,000",13.53566,1.9172729701999998
15,Hawaii,2016,"Rate per 100,000",12.06412,1.83782341372
15,Hawaii,2017,"Rate per 100,000",15.17788,2.0337989940800001
15,Hawaii,2018,"Rate per 100,000",11.9,1.8
15,Hawaii,2019,"Rate per 100,000",15.5,2.1560000000000001
15,Hawaii,2020,"Rate per 100,000",12.9,1.96
16,Idaho,1999,"Rate per 100,000",14.78644,2.1607414026799998
16,Idaho,2000,"Rate per 100,000",13.29705,2.0238839636399999
16,Idaho,2001,"Rate per 100,000",16.33679,2.2185027751600002
16,Idaho,2002,"Rate per 100,000",15.50341,2.1517991594399999
16,Idaho,2003,"Rate per 100,000",16.37521,2.1901999615999999
16,Idaho,2004,"Rate per 100,000",17.5739,2.25633998128
16,Idaho,2005,"Rate per 100,000",16.46648,2.1517119727599998
16,Idaho,2006,"Rate per 100,000",15.77882,2.0928302642799999
16,Idaho,2007,"Rate per 100,000",15.03023,1.9914633390399998
16,Idaho,2008,"Rate per 100,000",16.6614,2.08022336788
16,Idaho,2009,"Rate per 100,000",20.25397,2.3091139789200001
16,Idaho,2010,"Rate per 100,000",18.84316,2.2036498853599999
16,Idaho,2011,"Rate per 100,000",18.19105,2.1613402826400003
16,Idaho,2012,"Rate per 100,000",18.97915,2.19168210576
16,Idaho,2013,"Rate per 100,000",19.17223,2.1762620801599999
16,Idaho,2014,"Rate per 100,000",20.03531,2.2360380229599999
16,Idaho,2015,"Rate per 100,000",22.12673,2.3352433759200002
16,Idaho,2016,"Rate per 100,000",21.39063,2.2861582629199999
16,Idaho,2017,"Rate per 100,000",23.16822,2.3406528289199997
16,Idaho,2018,"Rate per 100,000",23.9,2.2999999999999998
16,Idaho,2019,"Rate per 100,000",20.4,2.1560000000000001
16,Idaho,2020,"Rate per 100,000",23.2,2.3519999999999999
17,Illinois,1999,"Rate per 100,000",8.31866,0.51104876927999998
17,Illinois,2000,"Rate per 100,000",8.13291,0.50375290055999999
17,Illinois,2001,"Rate per 100,000",9.17318,0.53309098024000001
17,Illinois,2002,"Rate per 100,000",9.154,0.53071546808000003
17,Illinois,2003,"Rate per 100,000",8.03502,0.49617971339999994
17,Illinois,2004,"Rate per 100,000",8.11942,0.49728026124000002
17,Illinois,2005,"Rate per 100,000",8.56846,0.51121081227999998
17,Illinois,2006,"Rate per 100,000",7.91685,0.49019940256000005
17,Illinois,2007,"Rate per 100,000",8.6339,0.51107362011999991
17,Illinois,2008,"Rate per 100,000",9.25101,0.52744181335999996
17,Illinois,2009,"Rate per 100,000",9.08121,0.52308015087999993
17,Illinois,2010,"Rate per 100,000",8.96683,0.51743101143999992
17,Illinois,2011,"Rate per 100,000",9.28895,0.52531729488000001
17,Illinois,2012,"Rate per 100,000",9.79775,0.54141214259999992
17,Illinois,2013,"Rate per 100,000",9.9446,0.54379520075999999
17,Illinois,2014,"Rate per 100,000",10.45542,0.55643698516000006
17,Illinois,2015,"Rate per 100,000",10.29491,0.55571762007999992
17,Illinois,2016,"Rate per 100,000",10.74887,0.57071856828
17,Illinois,2017,"Rate per 100,000",11.21212,0.58360737931999995
17,Illinois,2018,"Rate per 100,000",11.3,0.6
17,Illinois,2019,"Rate per 100,000",10.9,0.58799999999999997
17,Illinois,2020,"Rate per 100,000",10.5,0.58799999999999997
18,Indiana,1999,"Rate per 100,000",10.4086,0.81501782712000004
18,Indiana,2000,"Rate per 100,000",11.26723,0.84525015287999994
18,Indiana,2001,"Rate per 100,000",11.69226,0.85756308063999998
18,Indiana,2002,"Rate per 100,000",12.11209,0.87197452943999998
18,Indiana,2003,"Rate per 100,000",11.88755,0.86062108244000002
18,Indiana,2004,"Rate per 100,000",11.34498,0.84076250748000003
18,Indiana,2005,"Rate per 100,000",11.84737,0.85439319420000004
18,Indiana,2006,"Rate per 100,000",13.00118,0.89268302115999998
18,Indiana,2007,"Rate per 100,000",12.34269,0.86667138095999996
18,Indiana,2008,"Rate per 100,000",12.58453,0.87493321804000002
18,Indiana,2009,"Rate per 100,000",12.77693,0.88023471815999998
18,Indiana,2010,"Rate per 100,000",13.08099,0.88364777788000004
18,Indiana,2011,"Rate per 100,000",13.50658,0.90467701183999993
18,Indiana,2012,"Rate per 100,000",14.27289,0.92738901751999991
18,Indiana,2013,"Rate per 100,000",14.24652,0.92452275076000001
18,Indiana,2014,"Rate per 100,000",14.27656,0.92497798231999995
18,Indiana,2015,"Rate per 100,000",14.40029,0.92927319295999999
18,Indiana,2016,"Rate per 100,000",15.37561,0.95709641412000002
18,Indiana,2017,"Rate per 100,000",16.33002,0.98871297616000009
18,Indiana,2018,"Rate per 100,000",16,1
18,Indiana,2019,"Rate per 100,000",14.2,0.98
18,Indiana,2020,"Rate per 100,000",15,0.98
19,Iowa,1999,"Rate per 100,000",10.29997,1.1611617298400001
19,Iowa,2000,"Rate per 100,000",9.82391,1.13702012172
19,Iowa,2001,"Rate per 100,000",10.22092,1.1545553283600001
19,Iowa,2002,"Rate per 100,000",10.66057,1.18671040824
19,Iowa,2003,"Rate per 100,000",11.86787,1.2489951431999999
19,Iowa,2004,"Rate per 100,000",11.53545,1.23166976044
19,Iowa,2005,"Rate per 100,000",11.17569,1.2136131879199998
19,Iowa,2006,"Rate per 100,000",11.15817,1.21265418344
19,Iowa,2007,"Rate per 100,000",10.66054,1.1828090596
19,Iowa,2008,"Rate per 100,000",12.63302,1.29233360676
19,Iowa,2009,"Rate per 100,000",11.87232,1.2487956465600001
19,Iowa,2010,"Rate per 100,000",12.0912,1.25376448176
19,Iowa,2011,"Rate per 100,000",13.91188,1.3608752948
19,Iowa,2012,"Rate per 100,000",12.66622,1.29773409472
19,Iowa,2013,"Rate per 100,000",14.41293,1.3698068383999999
19,Iowa,2014,"Rate per 100,000",12.90678,1.28554844152
19,Iowa,2015,"Rate per 100,000",13.89294,1.3413817698399999
19,Iowa,2016,"Rate per 100,000",14.57194,1.37903623144
19,Iowa,2017,"Rate per 100,000",15.04,1.38593705628
19,Iowa,2018,"Rate per 100,000",15.5,1.4
19,Iowa,2019,"Rate per 100,000",16.7,1.3719999999999999
19,Iowa,2020,"Rate per 100,000",18,1.5680000000000001
20,Kansas,1999,"Rate per 100,000",11.23708,1.27554196336
20,Kansas,2000,"Rate per 100,000",12.21462,1.3298704154400001
20,Kansas,2001,"Rate per 100,000",10.93137,1.2543243361600001
20,Kansas,2002,"Rate per 100,000",12.69158,1.3434901438
20,Kansas,2003,"Rate per 100,000",12.78876,1.350925296
20,Kansas,2004,"Rate per 100,000",13.64955,1.39791214668
20,Kansas,2005,"Rate per 100,000",13.3437,1.3841770527200001
20,Kansas,2006,"Rate per 100,000",13.87945,1.40866113752
20,Kansas,2007,"Rate per 100,000",13.682,1.3866877500000001
20,Kansas,2008,"Rate per 100,000",12.08634,1.30462356528
20,Kansas,2009,"Rate per 100,000",13.5933,1.3828728334399998
20,Kansas,2010,"Rate per 100,000",13.9497,1.3840387355200001
20,Kansas,2011,"Rate per 100,000",13.75131,1.38102888896
20,Kansas,2012,"Rate per 100,000",17.44321,1.55243568116
20,Kansas,2013,"Rate per 100,000",14.71264,1.42605259972
20,Kansas,2014,"Rate per 100,000",15.73665,1.4760016434800001
20,Kansas,2015,"Rate per 100,000",16.2833,1.4920831828000001
20,Kansas,2016,"Rate per 100,000",17.92906,1.5842669121999999
20,Kansas,2017,"Rate per 100,000",19.13074,1.6302054823600001
20,Kansas,2018,"Rate per 100,000",19.3,1.6
20,Kansas,2019,"Rate per 100,000",18.2,1.5680000000000001
20,Kansas,2020,"Rate per 100,000",18.4,1.5680000000000001
21,Kentucky,1999,"Rate per 100,000",11.62437,1.0515876828800002
21,Kentucky,2000,"Rate per 100,000",12.77694,1.0977982657600001
21,Kentucky,2001,"Rate per 100,000",12.04703,1.0622331915999998
21,Kentucky,2002,"Rate per 100,000",13.02645,1.10166209216
21,Kentucky,2003,"Rate per 100,000",13.55923,1.1191463995599999
21,Kentucky,2004,"Rate per 100,000",13.26826,1.1040422220799999
21,Kentucky,2005,"Rate per 100,000",13.38506,1.1082115673999999
21,Kentucky,2006,"Rate per 100,000",14.58413,1.1534143319999999
21,Kentucky,2007,"Rate per 100,000",15.1064,1.1708902329599999
21,Kentucky,2008,"Rate per 100,000",13.98656,1.1185967940000001
21,Kentucky,2009,"Rate per 100,000",13.47089,1.0973750233599999
21,Kentucky,2010,"Rate per 100,000",14.17215,1.1214476198799999
21,Kentucky,2011,"Rate per 100,000",15.15008,1.1607414137199998
21,Kentucky,2012,"Rate per 100,000",16.20208,1.1995197961600002
21,Kentucky,2013,"Rate per 100,000",15.54999,1.1718314837600001
21,Kentucky,2014,"Rate per 100,000",15.958,1.1842061711199998
21,Kentucky,2015,"Rate per 100,000",17.08053,1.2279360211999999
21,Kentucky,2016,"Rate per 100,000",16.78465,1.2217893142
21,Kentucky,2017,"Rate per 100,000",16.91993,1.22533879972
21,Kentucky,2018,"Rate per 100,000",17.5,1.2
21,Kentucky,2019,"Rate per 100,000",16.5,1.1759999999999999
21,Kentucky,2020,"Rate per 100,000",17.7,1.1759999999999999
22,Louisiana,1999,"Rate per 100,000",11.89923,1.0272870383999999
22,Louisiana,2000,"Rate per 100,000",10.65013,0.96698745415999998
22,Louisiana,2001,"Rate per 100,000",11.23277,0.99385626507999991
22,Louisiana,2002,"Rate per 100,000",11.22197,0.9878701487199999
22,Louisiana,2003,"Rate per 100,000",10.29815,0.94385608688
22,Louisiana,2004,"Rate per 100,000",11.90541,1.0116303800399999
22,Louisiana,2005,"Rate per 100,000",10.99276,0.96510482907999995
22,Louisiana,2006,"Rate per 100,000",11.49136,1.0225416843599999
22,Louisiana,2007,"Rate per 100,000",11.95579,1.0343992257200001
22,Louisiana,2008,"Rate per 100,000",12.00121,1.0329026461599999
22,Louisiana,2009,"Rate per 100,000",10.85392,0.97327147875999998
22,Louisiana,2010,"Rate per 100,000",12.29557,1.035274891
22,Louisiana,2011,"Rate per 100,000",12.51926,1.04009543456
22,Louisiana,2012,"Rate per 100,000",12.40427,1.0399739400400001
22,Louisiana,2013,"Rate per 100,000",12.3601,1.0212501952800002
22,Louisiana,2014,"Rate per 100,000",14.31314,1.0971219461999999
22,Louisiana,2015,"Rate per 100,000",15.22726,1.1338296043199998
22,Louisiana,2016,"Rate per 100,000",14.18591,1.09125312604
22,Louisiana,2017,"Rate per 100,000",15.2247,1.13541741404
22,Louisiana,2018,"Rate per 100,000",15.1,1.1000000000000001
22,Louisiana,2019,"Rate per 100,000",15,1.1759999999999999
22,Louisiana,2020,"Rate per 100,000",13.7,1.1759999999999999
23,Maine,1999,"Rate per 100,000",13.39346,1.9911718498000002
23,Maine,2000,"Rate per 100,000",11.82641,1.8757539530799998
23,Maine,2001,"Rate per 100,000",12.09455,1.8795394128
23,Maine,2002,"Rate per 100,000",12.49633,1.91662805376
23,Maine,2003,"Rate per 100,000",9.96859,1.6863859894
23,Maine,2004,"Rate per 100,000",12.4247,1.8830645707999998
23,Maine,2005,"Rate per 100,000",12.42595,1.8717774208
23,Maine,2006,"Rate per 100,000",11.04166,1.75624868608
23,Maine,2007,"Rate per 100,000",13.62516,1.9741126115199998
23,Maine,2008,"Rate per 100,000",12.71892,1.89867575324
23,Maine,2009,"Rate per 100,000",13.96486,2.0083292781999997
23,Maine,2010,"Rate per 100,000",13.16496,1.95003700248
23,Maine,2011,"Rate per 100,000",16.62872,2.2075592053199999
23,Maine,2012,"Rate per 100,000",14.53441,2.0485166399600003
23,Maine,2013,"Rate per 100,000",17.41478,2.2783399895199996
23,Maine,2014,"Rate per 100,000",15.6529,2.1565141315199998
23,Maine,2015,"Rate per 100,000",16.00853,2.1514967569199999
23,Maine,2016,"Rate per 100,000",15.89223,2.1881787606000001
23,Maine,2017,"Rate per 100,000",18.87391,2.3582724057200002
23,Maine,2018,"Rate per 100,000",18.5,2.2999999999999998
23,Maine,2019,"Rate per 100,000",19.4,2.3519999999999999
23,Maine,2020,"Rate per 100,000",16.4,2.1560000000000001
24,Maryland,1999,"Rate per 100,000",8.27949,0.78228028031999997
24,Maryland,2000,"Rate per 100,000",8.98432,0.81130297443999999
24,Maryland,2001,"Rate per 100,000",8.39692,0.77444973928000005
24,Maryland,2002,"Rate per 100,000",8.75367,0.78769038991999996
24,Maryland,2003,"Rate per 100,000",8.89745,0.78946493080000002
24,Maryland,2004,"Rate per 100,000",8.84301,0.77887175407999998
24,Maryland,2005,"Rate per 100,000",8.4174,0.76247759280000005
24,Maryland,2006,"Rate per 100,000",8.63031,0.76485089799999995
24,Maryland,2007,"Rate per 100,000",8.98461,0.77910096823999997
24,Maryland,2008,"Rate per 100,000",8.66356,0.76047554492000002
24,Maryland,2009,"Rate per 100,000",9.32195,0.78601764751999992
24,Maryland,2010,"Rate per 100,000",8.33987,0.73814099996000004
24,Maryland,2011,"Rate per 100,000",9.22088,0.77634825212000003
24,Maryland,2012,"Rate per 100,000",9.46692,0.78059555840000006
24,Maryland,2013,"Rate per 100,000",9.15667,0.76493754175999995
24,Maryland,2014,"Rate per 100,000",9.79931,0.79503221867999996
24,Maryland,2015,"Rate per 100,000",8.78353,0.74584751808000005
24,Maryland,2016,"Rate per 100,000",9.35203,0.77273619164000007
24,Maryland,2017,"Rate per 100,000",9.84738,0.78473617600000001
24,Maryland,2018,"Rate per 100,000",10.2,0.8
24,Maryland,2019,"Rate per 100,000",10.3,0.78400000000000003
24,Maryland,2020,"Rate per 100,000",9.2,0.78400000000000003
25,Massachusetts,1999,"Rate per 100,000",6.66592,0.63073332727999998
25,Massachusetts,2000,"Rate per 100,000",5.96879,0.59547235300000001
25,Massachusetts,2001,"Rate per 100,000",6.48007,0.61606670411999997
25,Massachusetts,2002,"Rate per 100,000",6.60647,0.62073197844000005
25,Massachusetts,2003,"Rate per 100,000",6.54287,0.61735185063999998
25,Massachusetts,2004,"Rate per 100,000",6.44248,0.61439861279999997
25,Massachusetts,2005,"Rate per 100,000",7.22441,0.64881881567999999
25,Massachusetts,2006,"Rate per 100,000",6.67534,0.62040148127999994
25,Massachusetts,2007,"Rate per 100,000",7.71455,0.67148983188
25,Massachusetts,2008,"Rate per 100,000",7.54168,0.66157025031999994
25,Massachusetts,2009,"Rate per 100,000",7.79394,0.67236171043999993
25,Massachusetts,2010,"Rate per 100,000",8.78108,0.71354372515999998
25,Massachusetts,2011,"Rate per 100,000",8.3873,0.69142032904000006
25,Massachusetts,2012,"Rate per 100,000",8.65899,0.70372267084000006
25,Massachusetts,2013,"Rate per 100,000",8.17845,0.68415637695999998
25,Massachusetts,2014,"Rate per 100,000",8.23306,0.67484447968000005
25,Massachusetts,2015,"Rate per 100,000",8.90073,0.70397386051999999
25,Massachusetts,2016,"Rate per 100,000",8.75821,0.70232657852000002
25,Massachusetts,2017,"Rate per 100,000",9.45645,0.72932385763999996
25,Massachusetts,2018,"Rate per 100,000",9.9,0.7
25,Massachusetts,2019,"Rate per 100,000",8.7,0.78400000000000003
25,Massachusetts,2020,"Rate per 100,000",8.4,0.58799999999999997
26,Michigan,1999,"Rate per 100,000",9.88258,0.62080214643999998
26,Michigan,2000,"Rate per 100,000",9.85585,0.61913816720000003
26,Michigan,2001,"Rate per 100,000",10.53646,0.63736440123999993
26,Michigan,2002,"Rate per 100,000",11.06851,0.65311097068000001
26,Michigan,2003,"Rate per 100,000",10.24311,0.62744194436
26,Michigan,2004,"Rate per 100,000",10.88982,0.64657023899999999
26,Michigan,2005,"Rate per 100,000",10.97018,0.64939590631999999
26,Michigan,2006,"Rate per 100,000",11.18546,0.65475370548
26,Michigan,2007,"Rate per 100,000",11.08681,0.65230386815999997
26,Michigan,2008,"Rate per 100,000",11.74526,0.67817166003999996
26,Michigan,2009,"Rate per 100,000",11.48498,0.66878287979999995
26,Michigan,2010,"Rate per 100,000",12.48227,0.70089726811999997
26,Michigan,2011,"Rate per 100,000",12.18127,0.69691364848000004
26,Michigan,2012,"Rate per 100,000",12.46692,0.70374617711999998
26,Michigan,2013,"Rate per 100,000",12.86253,0.71830030804
26,Michigan,2014,"Rate per 100,000",13.27661,0.7265688992799999
26,Michigan,2015,"Rate per 100,000",13.81582,0.7425205239199999
26,Michigan,2016,"Rate per 100,000",13.28664,0.72743103076000004
26,Michigan,2017,"Rate per 100,000",14.10362,0.74836923251999998
26,Michigan,2018,"Rate per 100,000",15,0.8
26,Michigan,2019,"Rate per 100,000",14.3,0.78400000000000003
26,Michigan,2020,"Rate per 100,000",14,0.78400000000000003
27,Minnesota,1999,"Rate per 100,000",8.96496,0.84121985192000004
27,Minnesota,2000,"Rate per 100,000",8.899,0.83213701200000001
27,Minnesota,2001,"Rate per 100,000",9.59568,0.85926354920000003
27,Minnesota,2002,"Rate per 100,000",9.83272,0.86555519232
27,Minnesota,2003,"Rate per 100,000",9.76777,0.86022311815999997
27,Minnesota,2004,"Rate per 100,000",10.18875,0.87463281276000004
27,Minnesota,2005,"Rate per 100,000",10.48782,0.88314013396000002
27,Minnesota,2006,"Rate per 100,000",10.61697,0.88887728327999993
27,Minnesota,2007,"Rate per 100,000",10.82351,0.89346469268000006
27,Minnesota,2008,"Rate per 100,000",11.15327,0.90432257719999998
27,Minnesota,2009,"Rate per 100,000",10.79306,0.88565425927999997
27,Minnesota,2010,"Rate per 100,000",11.18849,0.90282995683999989
27,Minnesota,2011,"Rate per 100,000",12.46518,0.95107974332
27,Minnesota,2012,"Rate per 100,000",11.99235,0.9362032590399999
27,Minnesota,2013,"Rate per 100,000",12.12233,0.92946974567999996
27,Minnesota,2014,"Rate per 100,000",12.2447,0.93632363635999993
27,Minnesota,2015,"Rate per 100,000",13.19374,0.97690365079999997
27,Minnesota,2016,"Rate per 100,000",13.19228,0.96963377559999997
27,Minnesota,2017,"Rate per 100,000",13.84643,0.99196137432000009
27,Minnesota,2018,"Rate per 100,000",13.1,1
27,Minnesota,2019,"Rate per 100,000",14.4,0.98
27,Minnesota,2020,"Rate per 100,000",13.1,0.98
28,Mississippi,1999,"Rate per 100,000",11.01966,1.2417288979199999
28,Mississippi,2000,"Rate per 100,000",10.51175,1.2064729275199999
28,Mississippi,2001,"Rate per 100,000",11.72546,1.27228362996
28,Mississippi,2002,"Rate per 100,000",12.20351,1.2954508044800002
28,Mississippi,2003,"Rate per 100,000",11.92266,1.2794236610399998
28,Mississippi,2004,"Rate per 100,000",12.19233,1.28518748988
28,Mississippi,2005,"Rate per 100,000",12.73246,1.31766112072
28,Mississippi,2006,"Rate per 100,000",11.41322,1.24997237764
28,Mississippi,2007,"Rate per 100,000",13.62087,1.3527270671599998
28,Mississippi,2008,"Rate per 100,000",13.88585,1.35862336064
28,Mississippi,2009,"Rate per 100,000",13.05417,1.3284067697599999
28,Mississippi,2010,"Rate per 100,000",12.972,1.3089698358800002
28,Mississippi,2011,"Rate per 100,000",13.09199,1.32010482716
28,Mississippi,2012,"Rate per 100,000",14.00615,1.3772767531599999
28,Mississippi,2013,"Rate per 100,000",13.02772,1.32017170628
28,Mississippi,2014,"Rate per 100,000",12.49966,1.2806905717200001
28,Mississippi,2015,"Rate per 100,000",14.0291,1.3512558754799999
28,Mississippi,2016,"Rate per 100,000",12.67737,1.2962244164800001
28,Mississippi,2017,"Rate per 100,000",15.01764,1.4254178791999998
28,Mississippi,2018,"Rate per 100,000",13.8,1.3
28,Mississippi,2019,"Rate per 100,000",14.4,1.3719999999999999
28,Mississippi,2020,"Rate per 100,000",13.9,1.3719999999999999
29,Missouri,1999,"Rate per 100,000",12.54932,0.93037200620000005
29,Missouri,2000,"Rate per 100,000",12.45591,0.92401036364
29,Missouri,2001,"Rate per 100,000",12.76927,0.93047683679999993
29,Missouri,2002,"Rate per 100,000",12.13012,0.90476271872000003
29,Missouri,2003,"Rate per 100,000",11.82747,0.8922943982399999
29,Missouri,2004,"Rate per 100,000",12.38299,0.91128185904000003
29,Missouri,2005,"Rate per 100,000",12.49514,0.91384052143999994
29,Missouri,2006,"Rate per 100,000",13.53111,0.94530172408000002
29,Missouri,2007,"Rate per 100,000",13.54446,0.94281338256000002
29,Missouri,2008,"Rate per 100,000",12.94882,0.91912389352000001
29,Missouri,2009,"Rate per 100,000",14.26483,0.96657983491999999
29,Missouri,2010,"Rate per 100,000",14.04461,0.95602366691999996
29,Missouri,2011,"Rate per 100,000",15.28739,0.99924823683999997
29,Missouri,2012,"Rate per 100,000",14.90636,0.98604514959999989
29,Missouri,2013,"Rate per 100,000",15.6351,1.0118453783199999
29,Missouri,2014,"Rate per 100,000",16.32699,1.0270215093600001
29,Missouri,2015,"Rate per 100,000",17.0746,1.0576195965999999
29,Missouri,2016,"Rate per 100,000",18.36015,1.0949960714
29,Missouri,2017,"Rate per 100,000",18.48675,1.0967738502
29,Missouri,2018,"Rate per 100,000",19.5,1.1000000000000001
29,Missouri,2019,"Rate per 100,000",18.2,1.1759999999999999
29,Missouri,2020,"Rate per 100,000",18.2,1.1759999999999999
30,Montana,1999,"Rate per 100,000",17.69321,2.7319708684799999
30,Montana,2000,"Rate per 100,000",17.50468,2.7416282941599999
30,Montana,2001,"Rate per 100,000",19.28066,2.8766175356799999
30,Montana,2002,"Rate per 100,000",19.99289,2.91607735328
30,Montana,2003,"Rate per 100,000",19.45245,2.8773922590000001
30,Montana,2004,"Rate per 100,000",18.78779,2.8243951741600002
30,Montana,2005,"Rate per 100,000",21.7253,3.0178941533999999
30,Montana,2006,"Rate per 100,000",19.69211,2.86166152832
30,Montana,2007,"Rate per 100,000",19.38873,2.7790493236800002
30,Montana,2008,"Rate per 100,000",20.59887,2.90074495536
30,Montana,2009,"Rate per 100,000",21.19534,2.8877524583600001
30,Montana,2010,"Rate per 100,000",21.76226,2.9278637015600002
30,Montana,2011,"Rate per 100,000",22.54107,2.99863922708
30,Montana,2012,"Rate per 100,000",22.60633,3.0155186882799998
30,Montana,2013,"Rate per 100,000",23.73963,3.0856568257200001
30,Montana,2014,"Rate per 100,000",23.91305,3.0799396605599996
30,Montana,2015,"Rate per 100,000",25.32787,3.1326132571999996
30,Montana,2016,"Rate per 100,000",25.89948,3.2131029151199999
30,Montana,2017,"Rate per 100,000",28.94317,3.33776702756
30,Montana,2018,"Rate per 100,000",24.9,3.1
30,Montana,2019,"Rate per 100,000",26.2,3.1360000000000001
30,Montana,2020,"Rate per 100,000",26.1,3.1360000000000001
31,Nebraska,1999,"Rate per 100,000",10.47753,1.5456569839199998
31,Nebraska,2000,"Rate per 100,000",11.24999,1.5904243815599999
31,Nebraska,2001,"Rate per 100,000",10.92336,1.5691632854799999
31,Nebraska,2002,"Rate per 100,000",11.77105,1.6319744
31,Nebraska,2003,"Rate per 100,000",10.15854,1.50724830648
31,Nebraska,2004,"Rate per 100,000",9.50461,1.4529763572800001
31,Nebraska,2005,"Rate per 100,000",10.88078,1.5704573519599998
31,Nebraska,2006,"Rate per 100,000",11.16848,1.55296951264
31,Nebraska,2007,"Rate per 100,000",10.12818,1.4916733272
31,Nebraska,2008,"Rate per 100,000",10.59546,1.51808890576
31,Nebraska,2009,"Rate per 100,000",9.29517,1.4149617907600001
31,Nebraska,2010,"Rate per 100,000",10.42673,1.4956355848
31,Nebraska,2011,"Rate per 100,000",10.52758,1.5127815942399998
31,Nebraska,2012,"Rate per 100,000",12.50119,1.6389084037199999
31,Nebraska,2013,"Rate per 100,000",11.64345,1.5694584144400001
31,Nebraska,2014,"Rate per 100,000",13.39584,1.6895387336800001
31,Nebraska,2015,"Rate per 100,000",11.74255,1.5721684025599998
31,Nebraska,2016,"Rate per 100,000",13.06575,1.6642342163999999
31,Nebraska,2017,"Rate per 100,000",14.67858,1.7712113574399999
31,Nebraska,2018,"Rate per 100,000",13.4,1.6
31,Nebraska,2019,"Rate per 100,000",16.1,1.764
31,Nebraska,2020,"Rate per 100,000",14.9,1.764
32,Nevada,1999,"Rate per 100,000",21.27586,2.1072542296400001
32,Nevada,2000,"Rate per 100,000",20.18096,1.9982251743999999
32,Nevada,2001,"Rate per 100,000",18.64952,1.8764628595999999
32,Nevada,2002,"Rate per 100,000",19.65098,1.8910316356399999
32,Nevada,2003,"Rate per 100,000",19.86468,1.8963018247600001
32,Nevada,2004,"Rate per 100,000",18.91289,1.78870553148
32,Nevada,2005,"Rate per 100,000",19.78528,1.79155078704
32,Nevada,2006,"Rate per 100,000",19.3159,1.7364263613199999
32,Nevada,2007,"Rate per 100,000",18.03287,1.6479856478400001
32,Nevada,2008,"Rate per 100,000",19.74009,1.7026449146
32,Nevada,2009,"Rate per 100,000",18.7076,1.6507003281999999
32,Nevada,2010,"Rate per 100,000",19.79534,1.68121115232
32,Nevada,2011,"Rate per 100,000",18.413,1.61148163176
32,Nevada,2012,"Rate per 100,000",18.24011,1.5847661202799999
32,Nevada,2013,"Rate per 100,000",18.61848,1.59056777712
32,Nevada,2014,"Rate per 100,000",19.55648,1.62652935536
32,Nevada,2015,"Rate per 100,000",18.44267,1.55876985824
32,Nevada,2016,"Rate per 100,000",21.39302,1.6749160988
32,Nevada,2017,"Rate per 100,000",20.28491,1.6171312337599999
32,Nevada,2018,"Rate per 100,000",20.8,1.6
32,Nevada,2019,"Rate per 100,000",19.8,1.5680000000000001
32,Nevada,2020,"Rate per 100,000",18.2,1.5680000000000001
33,New Hampshire,1999,"Rate per 100,000",11.20227,1.88133691312
33,New Hampshire,2000,"Rate per 100,000",10.33863,1.77565466176
33,New Hampshire,2001,"Rate per 100,000",13.14519,2.0012032846399999
33,New Hampshire,2002,"Rate per 100,000",10.26483,1.7585286991999998
33,New Hampshire,2003,"Rate per 100,000",12.02738,1.8866717587199999
33,New Hampshire,2004,"Rate per 100,000",9.89516,1.69422956052
33,New Hampshire,2005,"Rate per 100,000",12.02373,1.86928858144
33,New Hampshire,2006,"Rate per 100,000",11.21394,1.8134601374400001
33,New Hampshire,2007,"Rate per 100,000",11.14767,1.7668531818000002
33,New Hampshire,2008,"Rate per 100,000",13.13882,1.95690081468
33,New Hampshire,2009,"Rate per 100,000",11.8573,1.8457280525599999
33,New Hampshire,2010,"Rate per 100,000",14.06559,2.0190557937199998
33,New Hampshire,2011,"Rate per 100,000",13.76098,1.97551922512
33,New Hampshire,2012,"Rate per 100,000",14.12308,2.01114311104
33,New Hampshire,2013,"Rate per 100,000",12.77578,1.9088523966399999
33,New Hampshire,2014,"Rate per 100,000",17.82176,2.3007719739200003
33,New Hampshire,2015,"Rate per 100,000",16.52193,2.2323931462000002
33,New Hampshire,2016,"Rate per 100,000",17.24653,2.2659954410799998
33,New Hampshire,2017,"Rate per 100,000",18.89841,2.36779119864
33,New Hampshire,2018,"Rate per 100,000",19.4,2.4
33,New Hampshire,2019,"Rate per 100,000",17.5,2.1560000000000001
33,New Hampshire,2020,"Rate per 100,000",16.4,2.1560000000000001
34,New Jersey,1999,"Rate per 100,000",6.60906,0.54768886815999995
34,New Jersey,2000,"Rate per 100,000",6.56619,0.54498428180000003
34,New Jersey,2001,"Rate per 100,000",6.79993,0.55064618671999999
34,New Jersey,2002,"Rate per 100,000",6.29212,0.52599963164000008
34,New Jersey,2003,"Rate per 100,000",6.65576,0.53939795056000006
34,New Jersey,2004,"Rate per 100,000",6.82191,0.54890210031999997
34,New Jersey,2005,"Rate per 100,000",6.06955,0.51583152403999999
34,New Jersey,2006,"Rate per 100,000",6.53134,0.53264836323999998
34,New Jersey,2007,"Rate per 100,000",6.67374,0.5395796680399999
34,New Jersey,2008,"Rate per 100,000",6.78663,0.54062650599999995
34,New Jersey,2009,"Rate per 100,000",6.14731,0.51562529676000002
34,New Jersey,2010,"Rate per 100,000",7.73336,0.57234851212000004
34,New Jersey,2011,"Rate per 100,000",7.48103,0.56675711231999992
34,New Jersey,2012,"Rate per 100,000",7.40682,0.56491913016000006
34,New Jersey,2013,"Rate per 100,000",8.03945,0.58221710232000001
34,New Jersey,2014,"Rate per 100,000",8.34052,0.59358888903999996
34,New Jersey,2015,"Rate per 100,000",8.30553,0.59232401480000008
34,New Jersey,2016,"Rate per 100,000",7.20063,0.55086545779999996
34,New Jersey,2017,"Rate per 100,000",8.33903,0.59259513375999995
34,New Jersey,2018,"Rate per 100,000",8.3,0.6
34,New Jersey,2019,"Rate per 100,000",8,0.58799999999999997
34,New Jersey,2020,"Rate per 100,000",7.1,0.58799999999999997
35,New Mexico,1999,"Rate per 100,000",18.05068,1.9875675293599997
35,New Mexico,2000,"Rate per 100,000",18.30623,1.9937377994800001
35,New Mexico,2001,"Rate per 100,000",20.2454,2.0929024961600002
35,New Mexico,2002,"Rate per 100,000",19.15603,2.0166961536399999
35,New Mexico,2003,"Rate per 100,000",18.61495,1.9790149400000001
35,New Mexico,2004,"Rate per 100,000",18.8039,1.9679988168399998
35,New Mexico,2005,"Rate per 100,000",17.75888,1.8954779524799998
35,New Mexico,2006,"Rate per 100,000",17.91689,1.8884685554
35,New Mexico,2007,"Rate per 100,000",20.28705,2.0089209179199998
35,New Mexico,2008,"Rate per 100,000",20.85524,2.02210848
35,New Mexico,2009,"Rate per 100,000",18.22519,1.8712368743600001
35,New Mexico,2010,"Rate per 100,000",20.14409,1.9769125479600003
35,New Mexico,2011,"Rate per 100,000",20.34154,1.9862445960000001
35,New Mexico,2012,"Rate per 100,000",21.34311,2.03252633472
35,New Mexico,2013,"Rate per 100,000",20.29815,1.9680190479599999
35,New Mexico,2014,"Rate per 100,000",21.01461,1.99091935084
35,New Mexico,2015,"Rate per 100,000",23.74455,2.1365423253999998
35,New Mexico,2016,"Rate per 100,000",22.48905,2.0920996468399999
35,New Mexico,2017,"Rate per 100,000",23.29971,2.1152518038399997
35,New Mexico,2018,"Rate per 100,000",25,2.2000000000000002
35,New Mexico,2019,"Rate per 100,000",24,2.1560000000000001
35,New Mexico,2020,"Rate per 100,000",24.2,2.1560000000000001
36,New York,1999,"Rate per 100,000",6.27094,0.3559233188
36,New York,2000,"Rate per 100,000",5.91175,0.34456809015999995
36,New York,2001,"Rate per 100,000",6.48285,0.35909216447999998
36,New York,2002,"Rate per 100,000",6.312,0.35327677391999995
36,New York,2003,"Rate per 100,000",5.94268,0.34115861331999997
36,New York,2004,"Rate per 100,000",6.03903,0.34419968855999999
36,New York,2005,"Rate per 100,000",6.03996,0.34436651200000001
36,New York,2006,"Rate per 100,000",6.68636,0.36151897768000002
36,New York,2007,"Rate per 100,000",7.05466,0.37239604275999999
36,New York,2008,"Rate per 100,000",7.05693,0.37111221531999999
36,New York,2009,"Rate per 100,000",7.01302,0.36906585379999995
36,New York,2010,"Rate per 100,000",7.662,0.38613300655999999
36,New York,2011,"Rate per 100,000",8.15153,0.39803558480000001
36,New York,2012,"Rate per 100,000",8.26309,0.39762866332000002
36,New York,2013,"Rate per 100,000",8.12254,0.39460984191999998
36,New York,2014,"Rate per 100,000",8.11539,0.39279311007999995
36,New York,2015,"Rate per 100,000",7.8468,0.38603420296000002
36,New York,2016,"Rate per 100,000",8.08838,0.39558441663999999
36,New York,2017,"Rate per 100,000",8.12034,0.39585237803999995
36,New York,2018,"Rate per 100,000",8.3,0.4
36,New York,2019,"Rate per 100,000",8.3,0.39200000000000002
36,New York,2020,"Rate per 100,000",8,0.39200000000000002
37,North Carolina,1999,"Rate per 100,000",10.99565,0.7261148986
37,North Carolina,2000,"Rate per 100,000",11.99296,0.75569489128
37,North Carolina,2001,"Rate per 100,000",12.03464,0.74874327303999988
37,North Carolina,2002,"Rate per 100,000",11.76816,0.7357934197599999
37,North Carolina,2003,"Rate per 100,000",11.21294,0.71279095972000006
37,North Carolina,2004,"Rate per 100,000",11.92836,0.73208486652000004
37,North Carolina,2005,"Rate per 100,000",11.45269,0.70938119083999995
37,North Carolina,2006,"Rate per 100,000",12.17841,0.72161498555999992
37,North Carolina,2007,"Rate per 100,000",11.62613,0.69862000095999999
37,North Carolina,2008,"Rate per 100,000",12.27609,0.71099256367999997
37,North Carolina,2009,"Rate per 100,000",12.21177,0.70443130884000005
37,North Carolina,2010,"Rate per 100,000",12.00829,0.69357231495999994
37,North Carolina,2011,"Rate per 100,000",12.28667,0.69922830067999997
37,North Carolina,2012,"Rate per 100,000",12.71951,0.70395433499999993
37,North Carolina,2013,"Rate per 100,000",12.57581,0.69864553780000005
37,North Carolina,2014,"Rate per 100,000",13.05186,0.70809309647999996
37,North Carolina,2015,"Rate per 100,000",13.42129,0.71505634536000007
37,North Carolina,2016,"Rate per 100,000",13.02079,0.70372203775999997
37,North Carolina,2017,"Rate per 100,000",14.28362,0.73321759168
37,North Carolina,2018,"Rate per 100,000",13.7,0.7
37,North Carolina,2019,"Rate per 100,000",12.5,0.58799999999999997
37,North Carolina,2020,"Rate per 100,000",13.2,0.78400000000000003
38,North Dakota,1999,"Rate per 100,000",11.05204,2.5543524952399999
38,North Dakota,2000,"Rate per 100,000",10.39755,2.4893507200799996
38,North Dakota,2001,"Rate per 100,000",12.74357,2.8258253391200001
38,North Dakota,2002,"Rate per 100,000",14.25187,2.9538950691600001
38,North Dakota,2003,"Rate per 100,000",12.30541,2.7156902225600001
38,North Dakota,2004,"Rate per 100,000",11.14315,2.5979801607200002
38,North Dakota,2005,"Rate per 100,000",13.66705,2.8437736824000002
38,North Dakota,2006,"Rate per 100,000",13.31867,2.8052518149599996
38,North Dakota,2007,"Rate per 100,000",14.17195,2.9067351171600002
38,North Dakota,2008,"Rate per 100,000",13.09508,2.8363349473200001
38,North Dakota,2009,"Rate per 100,000",13.85941,2.9326460545200002
38,North Dakota,2010,"Rate per 100,000",15.61317,3.0531047008000001
38,North Dakota,2011,"Rate per 100,000",14.86151,2.9086000473600002
38,North Dakota,2012,"Rate per 100,000",15.16612,2.9894802862400001
38,North Dakota,2013,"Rate per 100,000",17.28918,3.0843252134800001
38,North Dakota,2014,"Rate per 100,000",17.77393,3.0664844761599999
38,North Dakota,2015,"Rate per 100,000",17.45723,3.1568908265999998
38,North Dakota,2016,"Rate per 100,000",18.99346,3.2272884797999999
38,North Dakota,2017,"Rate per 100,000",20.08277,3.24117116568
38,North Dakota,2018,"Rate per 100,000",19.2,3.2
38,North Dakota,2019,"Rate per 100,000",18.1,3.1360000000000001
38,North Dakota,2020,"Rate per 100,000",18.2,3.1360000000000001
39,Ohio,1999,"Rate per 100,000",9.66304,0.57073304484000009
39,Ohio,2000,"Rate per 100,000",9.53145,0.56659365027999997
39,Ohio,2001,"Rate per 100,000",10.6278,0.59719346035999998
39,Ohio,2002,"Rate per 100,000",11.17996,0.61189745876000001
39,Ohio,2003,"Rate per 100,000",9.344,0.56062848044000002
39,Ohio,2004,"Rate per 100,000",11.36828,0.61619982535999995
39,Ohio,2005,"Rate per 100,000",11.51399,0.62019099296000002
39,Ohio,2006,"Rate per 100,000",11.28714,0.61269146848
39,Ohio,2007,"Rate per 100,000",11.05813,0.60852399887999997
39,Ohio,2008,"Rate per 100,000",12.1516,0.64150080288
39,Ohio,2009,"Rate per 100,000",9.99236,0.58019750656000002
39,Ohio,2010,"Rate per 100,000",12.23466,0.64291027416000002
39,Ohio,2011,"Rate per 100,000",12.3342,0.64413096804000003
39,Ohio,2012,"Rate per 100,000",13.02247,0.66449216931999999
39,Ohio,2013,"Rate per 100,000",12.85954,0.66050554695999997
39,Ohio,2014,"Rate per 100,000",12.55369,0.65353143772
39,Ohio,2015,"Rate per 100,000",13.89937,0.68843224240000001
39,Ohio,2016,"Rate per 100,000",14.15532,0.69151617500000007
39,Ohio,2017,"Rate per 100,000",14.80699,0.7155828582
39,Ohio,2018,"Rate per 100,000",15.3,0.7
39,Ohio,2019,"Rate per 100,000",15.1,0.78400000000000003
39,Ohio,2020,"Rate per 100,000",13.8,0.58799999999999997
40,Oklahoma,1999,"Rate per 100,000",14.42238,1.2759684868000001
40,Oklahoma,2000,"Rate per 100,000",14.55286,1.2812083645199999
40,Oklahoma,2001,"Rate per 100,000",14.88862,1.2898942926799999
40,Oklahoma,2002,"Rate per 100,000",14.38399,1.26364115304
40,Oklahoma,2003,"Rate per 100,000",13.64772,1.2318860895599999
40,Oklahoma,2004,"Rate per 100,000",14.42672,1.2647772454799999
40,Oklahoma,2005,"Rate per 100,000",14.81896,1.2806539373599999
40,Oklahoma,2006,"Rate per 100,000",14.97232,1.2785688658400001
40,Oklahoma,2007,"Rate per 100,000",14.68327,1.2605898309200001
40,Oklahoma,2008,"Rate per 100,000",15.66224,1.2953601858399999
40,Oklahoma,2009,"Rate per 100,000",15.27155,1.27378248312
40,Oklahoma,2010,"Rate per 100,000",16.50659,1.3212948784
40,Oklahoma,2011,"Rate per 100,000",18.46632,1.39699064484
40,Oklahoma,2012,"Rate per 100,000",17.60028,1.3566843267599999
40,Oklahoma,2013,"Rate per 100,000",17.20597,1.33002570624
40,Oklahoma,2014,"Rate per 100,000",19.08461,1.40463050924
40,Oklahoma,2015,"Rate per 100,000",20.30963,1.4442526167999998
40,Oklahoma,2016,"Rate per 100,000",20.99623,1.4637239251599998
40,Oklahoma,2017,"Rate per 100,000",19.12853,1.3919467024399999
40,Oklahoma,2018,"Rate per 100,000",20,1.4
40,Oklahoma,2019,"Rate per 100,000",20.5,1.3719999999999999
40,Oklahoma,2020,"Rate per 100,000",21.9,1.5680000000000001
41,Oregon,1999,"Rate per 100,000",13.88162,1.24549855808
41,Oregon,2000,"Rate per 100,000",14.11971,1.24807565428
41,Oregon,2001,"Rate per 100,000",14.35343,1.2551518481600001
41,Oregon,2002,"Rate per 100,000",14.43825,1.24787920936
41,Oregon,2003,"Rate per 100,000",16.21871,1.31359163348
41,Oregon,2004,"Rate per 100,000",15.05,1.2610738352800002
41,Oregon,2005,"Rate per 100,000",14.91801,1.2453657367199999
41,Oregon,2006,"Rate per 100,000",15.29345,1.25792700236
41,Oregon,2007,"Rate per 100,000",15.31495,1.2458835471599998
41,Oregon,2008,"Rate per 100,000",14.53014,1.2083494315199999
41,Oregon,2009,"Rate per 100,000",16.19686,1.2723646602800001
41,Oregon,2010,"Rate per 100,000",17.12025,1.3078241766799998
41,Oregon,2011,"Rate per 100,000",16.59266,1.2945487634799999
41,Oregon,2012,"Rate per 100,000",17.82396,1.32334798428
41,Oregon,2013,"Rate per 100,000",16.81918,1.2766639320399999
41,Oregon,2014,"Rate per 100,000",18.6196,1.3376906468799998
41,Oregon,2015,"Rate per 100,000",17.78431,1.29582303788
41,Oregon,2016,"Rate per 100,000",17.84483,1.2927127158399998
41,Oregon,2017,"Rate per 100,000",18.99818,1.3291173442399999
41,Oregon,2018,"Rate per 100,000",19,1.3
41,Oregon,2019,"Rate per 100,000",20.4,1.3719999999999999
41,Oregon,2020,"Rate per 100,000",18.3,1.3719999999999999
42,Pennsylvania,1999,"Rate per 100,000",10.27785,0.56446908476000002
42,Pennsylvania,2000,"Rate per 100,000",10.7903,0.57712755855999998
42,Pennsylvania,2001,"Rate per 100,000",10.15433,0.56100743860000002
42,Pennsylvania,2002,"Rate per 100,000",10.68279,0.57511489532000004
42,Pennsylvania,2003,"Rate per 100,000",10.55371,0.56929769764000004
42,Pennsylvania,2004,"Rate per 100,000",11.08279,0.58366126167999999
42,Pennsylvania,2005,"Rate per 100,000",11.11221,0.58217409208000004
42,Pennsylvania,2006,"Rate per 100,000",10.8154,0.57465656304000001
42,Pennsylvania,2007,"Rate per 100,000",11.0581,0.57972107368000003
42,Pennsylvania,2008,"Rate per 100,000",11.77785,0.5980242416399999
42,Pennsylvania,2009,"Rate per 100,000",12.21875,0.60513737367999998
42,Pennsylvania,2010,"Rate per 100,000",11.88184,0.59937703167999989
42,Pennsylvania,2011,"Rate per 100,000",13.18123,0.63312643239999988
42,Pennsylvania,2012,"Rate per 100,000",12.39424,0.61495879060000003
42,Pennsylvania,2013,"Rate per 100,000",13.35883,0.63687721580000001
42,Pennsylvania,2014,"Rate per 100,000",13.29733,0.63132752283999993
42,Pennsylvania,2015,"Rate per 100,000",13.9847,0.65166552751999995
42,Pennsylvania,2016,"Rate per 100,000",14.67688,0.67089550304000001
42,Pennsylvania,2017,"Rate per 100,000",15.02283,0.67771751627999999
42,Pennsylvania,2018,"Rate per 100,000",14.9,0.7
42,Pennsylvania,2019,"Rate per 100,000",14.1,0.58799999999999997
42,Pennsylvania,2020,"Rate per 100,000",12.6,0.58799999999999997
44,Rhode Island,1999,"Rate per 100,000",9.05908,1.8159205489599999
44,Rhode Island,2000,"Rate per 100,000",7.05054,1.59756594536
44,Rhode Island,2001,"Rate per 100,000",8.08095,1.7012242477999999
44,Rhode Island,2002,"Rate per 100,000",7.93942,1.6818750082399998
44,Rhode Island,2003,"Rate per 100,000",7.70043,1.6507561097999999
44,Rhode Island,2004,"Rate per 100,000",7.59458,1.6217466750799998
44,Rhode Island,2005,"Rate per 100,000",6.29665,1.4753975910799999
44,Rhode Island,2006,"Rate per 100,000",8.20165,1.7102980540800001
44,Rhode Island,2007,"Rate per 100,000",8.78337,1.77574968648
44,Rhode Island,2008,"Rate per 100,000",9.93551,1.8829181235200001
44,Rhode Island,2009,"Rate per 100,000",10.75412,1.9748064221199999
44,Rhode Island,2010,"Rate per 100,000",12.34044,2.1711184168799997
44,Rhode Island,2011,"Rate per 100,000",8.88895,1.7718439180400001
44,Rhode Island,2012,"Rate per 100,000",9.46371,1.85495130884
44,Rhode Island,2013,"Rate per 100,000",12.17275,2.1351485870400002
44,Rhode Island,2014,"Rate per 100,000",10.06008,1.90349943084
44,Rhode Island,2015,"Rate per 100,000",11.22024,2.0183227556799999
44,Rhode Island,2016,"Rate per 100,000",11.19248,2.02805916348
44,Rhode Island,2017,"Rate per 100,000",11.78356,2.0980841638399998
44,Rhode Island,2018,"Rate per 100,000",9.5,1.9
44,Rhode Island,2019,"Rate per 100,000",10.7,1.96
44,Rhode Island,2020,"Rate per 100,000",8.5,1.764
45,South Carolina,1999,"Rate per 100,000",10.5113,1.0091403431199999
45,South Carolina,2000,"Rate per 100,000",11.0692,1.03270470772
45,South Carolina,2001,"Rate per 100,000",11.40177,1.0357184899599998
45,South Carolina,2002,"Rate per 100,000",10.74917,1.0070406343199998
45,South Carolina,2003,"Rate per 100,000",11.45702,1.0331160686
45,South Carolina,2004,"Rate per 100,000",11.30377,1.01401878312
45,South Carolina,2005,"Rate per 100,000",11.82523,1.0327834389599999
45,South Carolina,2006,"Rate per 100,000",11.79834,1.0187206310399999
45,South Carolina,2007,"Rate per 100,000",11.61801,1.0008596547599999
45,South Carolina,2008,"Rate per 100,000",11.99913,1.00115379
45,South Carolina,2009,"Rate per 100,000",13.02999,1.0422786276
45,South Carolina,2010,"Rate per 100,000",13.46225,1.0623094649999998
45,South Carolina,2011,"Rate per 100,000",13.59347,1.0574191552399999
45,South Carolina,2012,"Rate per 100,000",13.68986,1.0555765180800001
45,South Carolina,2013,"Rate per 100,000",13.96609,1.0616697131599999
45,South Carolina,2014,"Rate per 100,000",15.15672,1.1087793617599999
45,South Carolina,2015,"Rate per 100,000",14.8348,1.09376631056
45,South Carolina,2016,"Rate per 100,000",15.70341,1.1090613704800001
45,South Carolina,2017,"Rate per 100,000",16.29671,1.13602950832
45,South Carolina,2018,"Rate per 100,000",15.4,1.1000000000000001
45,South Carolina,2019,"Rate per 100,000",16.2,1.1759999999999999
45,South Carolina,2020,"Rate per 100,000",16.3,1.1759999999999999
46,South Dakota,1999,"Rate per 100,000",13.70232,2.6583305422799999
46,South Dakota,2000,"Rate per 100,000",12.6718,2.5616249027600002
46,South Dakota,2001,"Rate per 100,000",13.96698,2.68414932044
46,South Dakota,2002,"Rate per 100,000",12.28263,2.4998010696399997
46,South Dakota,2003,"Rate per 100,000",13.51733,2.6443996325599999
46,South Dakota,2004,"Rate per 100,000",14.78662,2.76465831376
46,South Dakota,2005,"Rate per 100,000",15.41885,2.7778438844799997
46,South Dakota,2006,"Rate per 100,000",16.03258,2.8425270224399997
46,South Dakota,2007,"Rate per 100,000",12.51853,2.45220786356
46,South Dakota,2008,"Rate per 100,000",15.72997,2.8105810118400001
46,South Dakota,2009,"Rate per 100,000",16.33601,2.8594088415200001
46,South Dakota,2010,"Rate per 100,000",17.45998,2.95134832356
46,South Dakota,2011,"Rate per 100,000",15.65967,2.7830506323200002
46,South Dakota,2012,"Rate per 100,000",16.79675,2.8356293688799998
46,South Dakota,2013,"Rate per 100,000",18.02448,2.9898673117600003
46,South Dakota,2014,"Rate per 100,000",17.06127,2.8839615811999999
46,South Dakota,2015,"Rate per 100,000",20.44279,3.1153195343200002
46,South Dakota,2016,"Rate per 100,000",20.21308,3.18497522952
46,South Dakota,2017,"Rate per 100,000",22.51729,3.2740369611600002
46,South Dakota,2018,"Rate per 100,000",19.3,3
46,South Dakota,2019,"Rate per 100,000",20.9,3.1360000000000001
46,South Dakota,2020,"Rate per 100,000",21,3.1360000000000001
47,Tennessee,1999,"Rate per 100,000",12.69126,0.92458923983999997
47,Tennessee,2000,"Rate per 100,000",12.72217,0.92368974879999999
47,Tennessee,2001,"Rate per 100,000",12.22063,0.89933270728000003
47,Tennessee,2002,"Rate per 100,000",13.27456,0.93514439256000004
47,Tennessee,2003,"Rate per 100,000",12.84781,0.91497620227999998
47,Tennessee,2004,"Rate per 100,000",13.18455,0.92214941419999996
47,Tennessee,2005,"Rate per 100,000",14.00178,0.94289334271999992
47,Tennessee,2006,"Rate per 100,000",14.11956,0.94210241216000001
47,Tennessee,2007,"Rate per 100,000",13.34665,0.90772050964000006
47,Tennessee,2008,"Rate per 100,000",15.10479,0.95929667680000008
47,Tennessee,2009,"Rate per 100,000",14.60717,0.94097541216000002
47,Tennessee,2010,"Rate per 100,000",14.58747,0.94285520699999992
47,Tennessee,2011,"Rate per 100,000",14.37324,0.92650866391999998
47,Tennessee,2012,"Rate per 100,000",14.61503,0.93130077180000004
47,Tennessee,2013,"Rate per 100,000",15.35663,0.95570289919999996
47,Tennessee,2014,"Rate per 100,000",14.79086,0.93586573332
47,Tennessee,2015,"Rate per 100,000",15.65157,0.95785780551999999
47,Tennessee,2016,"Rate per 100,000",16.25158,0.97650698796000002
47,Tennessee,2017,"Rate per 100,000",16.7831,0.98713024675999994
47,Tennessee,2018,"Rate per 100,000",16.6,1
47,Tennessee,2019,"Rate per 100,000",17.2,0.98
47,Tennessee,2020,"Rate per 100,000",17.2,0.98
48,Texas,1999,"Rate per 100,000",10.2139,0.45093811140000001
48,Texas,2000,"Rate per 100,000",10.21334,0.44546820611999999
48,Texas,2001,"Rate per 100,000",10.88231,0.45590479647999999
48,Texas,2002,"Rate per 100,000",11.07737,0.45532479523999997
48,Texas,2003,"Rate per 100,000",11.11593,0.45140221979999995
48,Texas,2004,"Rate per 100,000",10.66428,0.43932158535999999
48,Texas,2005,"Rate per 100,000",10.92585,0.43878580759999997
48,Texas,2006,"Rate per 100,000",10.32191,0.42078426404000002
48,Texas,2007,"Rate per 100,000",10.4532,0.41853854895999998
48,Texas,2008,"Rate per 100,000",10.79779,0.42236014715999998
48,Texas,2009,"Rate per 100,000",11.55845,0.43130023047999999
48,Texas,2010,"Rate per 100,000",11.74706,0.43237315995999998
48,Texas,2011,"Rate per 100,000",11.49241,0.42269690063999998
48,Texas,2012,"Rate per 100,000",11.88016,0.42685702808000003
48,Texas,2013,"Rate per 100,000",11.68695,0.41821230304000001
48,Texas,2014,"Rate per 100,000",12.19185,0.42317709867999997
48,Texas,2015,"Rate per 100,000",12.47321,0.42367067176000001
48,Texas,2016,"Rate per 100,000",12.58403,0.42224617119999996
48,Texas,2017,"Rate per 100,000",13.35275,0.4305725158
48,Texas,2018,"Rate per 100,000",13.7,0.4
48,Texas,2019,"Rate per 100,000",13.4,0.39200000000000002
48,Texas,2020,"Rate per 100,000",13.3,0.39200000000000002
49,Utah,1999,"Rate per 100,000",14.01833,1.6846330379199999
49,Utah,2000,"Rate per 100,000",14.74307,1.7212578782000001
49,Utah,2001,"Rate per 100,000",15.47184,1.7362033623199999
49,Utah,2002,"Rate per 100,000",16.15583,1.76037151668
49,Utah,2003,"Rate per 100,000",15.44067,1.6984619962799998
49,Utah,2004,"Rate per 100,000",17.17977,1.7755777258800001
49,Utah,2005,"Rate per 100,000",15.35396,1.6524823798000001
49,Utah,2006,"Rate per 100,000",15.99828,1.6846882589599999
49,Utah,2007,"Rate per 100,000",15.79255,1.6276479371600001
49,Utah,2008,"Rate per 100,000",15.85715,1.6070804654800002
49,Utah,2009,"Rate per 100,000",17.88382,1.6900971220000001
49,Utah,2010,"Rate per 100,000",18.28181,1.6840307769599998
49,Utah,2011,"Rate per 100,000",19.43961,1.7358735805599999
49,Utah,2012,"Rate per 100,000",21.01465,1.7873839662
49,Utah,2013,"Rate per 100,000",21.44368,1.7760856402799998
49,Utah,2014,"Rate per 100,000",20.53565,1.7317696365199999
49,Utah,2015,"Rate per 100,000",22.35866,1.7734944105199999
49,Utah,2016,"Rate per 100,000",21.8113,1.7437711731999999
49,Utah,2017,"Rate per 100,000",22.691,1.75367040212
49,Utah,2018,"Rate per 100,000",22.2,1.7
49,Utah,2019,"Rate per 100,000",21.2,1.5680000000000001
49,Utah,2020,"Rate per 100,000",20.8,1.5680000000000001
50,Vermont,1999,"Rate per 100,000",10.24901,2.5343196488399999
50,Vermont,2000,"Rate per 100,000",12.33763,2.7638408722399999
50,Vermont,2001,"Rate per 100,000",11.39961,2.6463064891200001
50,Vermont,2002,"Rate per 100,000",14.31105,2.94243304992
50,Vermont,2003,"Rate per 100,000",13.02897,2.8267103751599998
50,Vermont,2004,"Rate per 100,000",14.54326,2.9982474034800002
50,Vermont,2005,"Rate per 100,000",12.47858,2.8118124739599999
50,Vermont,2006,"Rate per 100,000",12.17621,2.7009553855199999
50,Vermont,2007,"Rate per 100,000",13.84894,2.9427142962000001
50,Vermont,2008,"Rate per 100,000",14.08448,2.9205193933999998
50,Vermont,2009,"Rate per 100,000",12.95818,2.8136032044399997
50,Vermont,2010,"Rate per 100,000",15.7202,3.0878489445999997
50,Vermont,2011,"Rate per 100,000",17.75971,3.2788917459199998
50,Vermont,2012,"Rate per 100,000",13.02453,2.8421056596799996
50,Vermont,2013,"Rate per 100,000",16.77192,3.2506816227200002
50,Vermont,2014,"Rate per 100,000",18.73843,3.4399371412000002
50,Vermont,2015,"Rate per 100,000",14.80077,2.9916854097200001
50,Vermont,2016,"Rate per 100,000",17.27967,3.2792508159600002
50,Vermont,2017,"Rate per 100,000",18.31,3.5436431990399999
50,Vermont,2018,"Rate per 100,000",18.8,3.5
50,Vermont,2019,"Rate per 100,000",16,3.1360000000000001
50,Vermont,2020,"Rate per 100,000",18.1,3.3319999999999999
51,Virginia,1999,"Rate per 100,000",11.19737,0.78347850867999991
51,Virginia,2000,"Rate per 100,000",10.80156,0.76616392748000006
51,Virginia,2001,"Rate per 100,000",10.96646,0.76355755867999997
51,Virginia,2002,"Rate per 100,000",10.90077,0.75840279787999998
51,Virginia,2003,"Rate per 100,000",10.87062,0.75192267136000002
51,Virginia,2004,"Rate per 100,000",10.92513,0.74778229876000002
51,Virginia,2005,"Rate per 100,000",11.17731,0.74830234751999991
51,Virginia,2006,"Rate per 100,000",11.12074,0.74092477227999998
51,Virginia,2007,"Rate per 100,000",11.10476,0.73888525899999991
51,Virginia,2008,"Rate per 100,000",11.78238,0.7558163564
51,Virginia,2009,"Rate per 100,000",11.71596,0.74743158616000005
51,Virginia,2010,"Rate per 100,000",11.6841,0.74563924651999991
51,Virginia,2011,"Rate per 100,000",12.56517,0.76788960752000002
51,Virginia,2012,"Rate per 100,000",12.64536,0.77058010344000005
51,Virginia,2013,"Rate per 100,000",12.53161,0.76145010983999994
51,Virginia,2014,"Rate per 100,000",12.88945,0.76578548479999997
51,Virginia,2015,"Rate per 100,000",12.70221,0.75741972459999996
51,Virginia,2016,"Rate per 100,000",13.22849,0.77275282224000008
51,Virginia,2017,"Rate per 100,000",13.35048,0.77636330296
51,Virginia,2018,"Rate per 100,000",14,0.8
51,Virginia,2019,"Rate per 100,000",12.8,0.78400000000000003
51,Virginia,2020,"Rate per 100,000",13.5,0.78400000000000003
53,Washington,1999,"Rate per 100,000",14.03445,0.9650687591999999
53,Washington,2000,"Rate per 100,000",12.34625,0.8992612888
53,Washington,2001,"Rate per 100,000",11.87961,0.87485526295999994
53,Washington,2002,"Rate per 100,000",13.34892,0.92138387544
53,Washington,2003,"Rate per 100,000",13.05806,0.90640623751999994
53,Washington,2004,"Rate per 100,000",13.32027,0.91032626692000007
53,Washington,2005,"Rate per 100,000",12.80043,0.88019012423999998
53,Washington,2006,"Rate per 100,000",12.33263,0.85571333848000009
53,Washington,2007,"Rate per 100,000",13.06489,0.87790325699999994
53,Washington,2008,"Rate per 100,000",13.15389,0.87357425988000004
53,Washington,2009,"Rate per 100,000",13.33645,0.87165958684
53,Washington,2010,"Rate per 100,000",13.94246,0.89451565251999998
53,Washington,2011,"Rate per 100,000",14.27351,0.89019823899999995
53,Washington,2012,"Rate per 100,000",14.52537,0.89755071644000006
53,Washington,2013,"Rate per 100,000",14.04724,0.87371323956000002
53,Washington,2014,"Rate per 100,000",15.23855,0.90961518479999992
53,Washington,2015,"Rate per 100,000",15.40634,0.91247753547999999
53,Washington,2016,"Rate per 100,000",14.89622,0.88294437699999995
53,Washington,2017,"Rate per 100,000",16.90914,0.93927776011999997
53,Washington,2018,"Rate per 100,000",15.9,0.9
53,Washington,2019,"Rate per 100,000",15.9,0.98
53,Washington,2020,"Rate per 100,000",15.2,0.78400000000000003
54,West Virginia,1999,"Rate per 100,000",12.1305,1.5801348852799999
54,West Virginia,2000,"Rate per 100,000",13.17931,1.66015292996
54,West Virginia,2001,"Rate per 100,000",15.0254,1.7565811491200001
54,West Virginia,2002,"Rate per 100,000",14.85161,1.7681632085600001
54,West Virginia,2003,"Rate per 100,000",14.0367,1.7088260176399999
54,West Virginia,2004,"Rate per 100,000",15.41715,1.8143967645999999
54,West Virginia,2005,"Rate per 100,000",13.24333,1.6526672548400001
54,West Virginia,2006,"Rate per 100,000",13.98303,1.7030027400399999
54,West Virginia,2007,"Rate per 100,000",15.72876,1.81562224284
54,West Virginia,2008,"Rate per 100,000",13.70555,1.70005424148
54,West Virginia,2009,"Rate per 100,000",13.13811,1.6581636710799998
54,West Virginia,2010,"Rate per 100,000",14.12024,1.7042554172
54,West Virginia,2011,"Rate per 100,000",15.9366,1.83726559968
54,West Virginia,2012,"Rate per 100,000",17.11224,1.9145617335599998
54,West Virginia,2013,"Rate per 100,000",16.39934,1.8537939778400001
54,West Virginia,2014,"Rate per 100,000",18.06927,1.93586449924
54,West Virginia,2015,"Rate per 100,000",17.44534,1.92532024216
54,West Virginia,2016,"Rate per 100,000",19.30158,2.0711843908000001
54,West Virginia,2017,"Rate per 100,000",21.06419,2.1621239239599999
54,West Virginia,2018,"Rate per 100,000",21.2,2.2000000000000002
54,West Virginia,2019,"Rate per 100,000",18.5,2.1560000000000001
54,West Virginia,2020,"Rate per 100,000",19.4,2.1560000000000001
55,Wisconsin,1999,"Rate per 100,000",11.04661,0.88953619019999997
55,Wisconsin,2000,"Rate per 100,000",10.91631,0.88122766395999996
55,Wisconsin,2001,"Rate per 100,000",11.69822,0.90858983432000007
55,Wisconsin,2002,"Rate per 100,000",11.34101,0.88917711231999996
55,Wisconsin,2003,"Rate per 100,000",11.64009,0.89927311152
55,Wisconsin,2004,"Rate per 100,000",11.8892,0.90921922755999995
55,Wisconsin,2005,"Rate per 100,000",11.56043,0.89825439367999993
55,Wisconsin,2006,"Rate per 100,000",11.94696,0.91135920455999997
55,Wisconsin,2007,"Rate per 100,000",12.74383,0.93338117067999993
55,Wisconsin,2008,"Rate per 100,000",12.82121,0.93377770612
55,Wisconsin,2009,"Rate per 100,000",12.48999,0.92331862475999993
55,Wisconsin,2010,"Rate per 100,000",13.40293,0.94823622431999999
55,Wisconsin,2011,"Rate per 100,000",12.7629,0.93330239043999996
55,Wisconsin,2012,"Rate per 100,000",12.35696,0.91973828491999998
55,Wisconsin,2013,"Rate per 100,000",14.36059,0.98762893935999985
55,Wisconsin,2014,"Rate per 100,000",13.09067,0.94854775847999995
55,Wisconsin,2015,"Rate per 100,000",14.66797,0.99777754299999988
55,Wisconsin,2016,"Rate per 100,000",14.67132,1.0051701239999999
55,Wisconsin,2017,"Rate per 100,000",15.38469,1.0221915636799999
55,Wisconsin,2018,"Rate per 100,000",14.8,1
55,Wisconsin,2019,"Rate per 100,000",14,0.98
55,Wisconsin,2020,"Rate per 100,000",14.5,0.98
56,Wyoming,1999,"Rate per 100,000",20.27922,4.0328811432
56,Wyoming,2000,"Rate per 100,000",16.75341,3.6176554568000001
56,Wyoming,2001,"Rate per 100,000",16.42794,3.5560497736399999
56,Wyoming,2002,"Rate per 100,000",20.80129,4.0103603727600001
56,Wyoming,2003,"Rate per 100,000",21.79773,4.1315431253600003
56,Wyoming,2004,"Rate per 100,000",17.53705,3.70150323956
56,Wyoming,2005,"Rate per 100,000",17.28225,3.61649239672
56,Wyoming,2006,"Rate per 100,000",21.65371,3.9975243621600001
56,Wyoming,2007,"Rate per 100,000",19.34152,3.8364236262799998
56,Wyoming,2008,"Rate per 100,000",22.59549,4.0528576768399995
56,Wyoming,2009,"Rate per 100,000",20.37846,3.8627212775199999
56,Wyoming,2010,"Rate per 100,000",22.43239,3.9286400543599997
56,Wyoming,2011,"Rate per 100,000",23.215,4.0467104465199997
56,Wyoming,2012,"Rate per 100,000",29.56475,4.5274559772399998
56,Wyoming,2013,"Rate per 100,000",21.47098,3.7986614999200001
56,Wyoming,2014,"Rate per 100,000",20.63524,3.7842368015200001
56,Wyoming,2015,"Rate per 100,000",28.00233,4.4630946947999997
56,Wyoming,2016,"Rate per 100,000",25.24416,4.2228201568000001
56,Wyoming,2017,"Rate per 100,000",26.94046,4.3390876684399995
56,Wyoming,2018,"Rate per 100,000",25.2,4.2
56,Wyoming,2019,"Rate per 100,000",29.3,4.508
56,Wyoming,2020,"Rate per 100,000",30.5,4.508
